-- STG mock data seed
-- Run in Supabase SQL editor after your schema/migrations exist.
-- Sample passwords:
--   admin: admin123
--   teachers: teacher123
--   students: student123

begin;

insert into stg_roles (role_id, role_name) values
    ('10000000-0000-0000-0000-000000000001', 'class teacher'),
    ('10000000-0000-0000-0000-000000000002', 'subject teacher'),
    ('10000000-0000-0000-0000-000000000003', 'subject coordinator'),
    ('10000000-0000-0000-0000-000000000004', 'principal')
on conflict (role_name) do update set role_name = excluded.role_name;

insert into stg_admins (admin_id, username, password, fullname, created_at) values
    (
        'ADM001',
        'admin',
        '$2b$10$rXCyfsqyOkYjRI4qaBf8Cu1APMVMwrqvMtYMtLoacDPBQwISo0dsm',
        'Admin STG',
        now()
    )
on conflict (admin_id) do update set
    username = excluded.username,
    password = excluded.password,
    fullname = excluded.fullname;

insert into stg_teachers (
    teacher_id, username, password, fullname, email, phone_number, status, created_at, is_first_login
) values
    (
        '20000000-0000-0000-0000-000000000001',
        'teacher.ain',
        '$2b$10$2mAOXVaMFDiT7T6jo1ppF.7xT0mfrkOP3pthOS0zI2tExhOu3h2Cm',
        'Ain Binti Salleh',
        'ain@example.com',
        '0123000001',
        'active',
        now(),
        false
    ),
    (
        '20000000-0000-0000-0000-000000000002',
        'teacher.hakim',
        '$2b$10$2mAOXVaMFDiT7T6jo1ppF.7xT0mfrkOP3pthOS0zI2tExhOu3h2Cm',
        'Hakim Bin Razak',
        'hakim@example.com',
        '0123000002',
        'active',
        now(),
        false
    ),
    (
        '20000000-0000-0000-0000-000000000003',
        'teacher.suriya',
        '$2b$10$2mAOXVaMFDiT7T6jo1ppF.7xT0mfrkOP3pthOS0zI2tExhOu3h2Cm',
        'Suriya Devi',
        'suriya@example.com',
        '0123000003',
        'active',
        now(),
        false
    ),
    (
        '20000000-0000-0000-0000-000000000004',
        'teacher.farid',
        '$2b$10$2mAOXVaMFDiT7T6jo1ppF.7xT0mfrkOP3pthOS0zI2tExhOu3h2Cm',
        'Farid Bin Musa',
        'farid@example.com',
        '0123000004',
        'active',
        now(),
        false
    )
on conflict (username) do update set
    password = excluded.password,
    fullname = excluded.fullname,
    email = excluded.email,
    phone_number = excluded.phone_number,
    status = excluded.status,
    is_first_login = excluded.is_first_login;

insert into stg_teacher_roles (teacher_roles_id, teacher_id, role_id) values
    ('30000000-0000-0000-0000-000000000001', '20000000-0000-0000-0000-000000000001', '10000000-0000-0000-0000-000000000001'),
    ('30000000-0000-0000-0000-000000000002', '20000000-0000-0000-0000-000000000001', '10000000-0000-0000-0000-000000000002'),
    ('30000000-0000-0000-0000-000000000003', '20000000-0000-0000-0000-000000000002', '10000000-0000-0000-0000-000000000002'),
    ('30000000-0000-0000-0000-000000000004', '20000000-0000-0000-0000-000000000003', '10000000-0000-0000-0000-000000000003'),
    ('30000000-0000-0000-0000-000000000005', '20000000-0000-0000-0000-000000000004', '10000000-0000-0000-0000-000000000002')
on conflict (teacher_roles_id) do nothing;

insert into stg_classes (class_id, class_name, grade) values
    ('40000000-0000-0000-0000-000000000001', 'Amanah', 4),
    ('40000000-0000-0000-0000-000000000002', 'Bestari', 4),
    ('40000000-0000-0000-0000-000000000003', 'Cekal', 5)
on conflict (class_id) do update set
    class_name = excluded.class_name,
    grade = excluded.grade;

insert into stg_subjects (subject_id, subject_name) values
    ('50000000-0000-0000-0000-000000000001', 'Bahasa Melayu'),
    ('50000000-0000-0000-0000-000000000002', 'Matematik'),
    ('50000000-0000-0000-0000-000000000003', 'Sains'),
    ('50000000-0000-0000-0000-000000000004', 'Bahasa Inggeris')
on conflict (subject_name) do update set subject_name = excluded.subject_name;

insert into stg_class_teachers (class_teacher_id, class_id, teacher_id, created_at) values
    ('60000000-0000-0000-0000-000000000001', '40000000-0000-0000-0000-000000000001', '20000000-0000-0000-0000-000000000001', now()),
    ('60000000-0000-0000-0000-000000000002', '40000000-0000-0000-0000-000000000002', '20000000-0000-0000-0000-000000000004', now())
on conflict (class_id) do update set
    teacher_id = excluded.teacher_id;

insert into stg_subject_coordinators (subject_coordinator_id, subject_id, teacher_id, created_at) values
    ('70000000-0000-0000-0000-000000000001', '50000000-0000-0000-0000-000000000001', '20000000-0000-0000-0000-000000000003', now()),
    ('70000000-0000-0000-0000-000000000002', '50000000-0000-0000-0000-000000000002', '20000000-0000-0000-0000-000000000003', now())
on conflict (subject_id) do update set
    teacher_id = excluded.teacher_id;

insert into stg_teacher_subject (teacher_subject_id, teacher_id, subject_id, class_id) values
    ('80000000-0000-0000-0000-000000000001', '20000000-0000-0000-0000-000000000001', '50000000-0000-0000-0000-000000000001', '40000000-0000-0000-0000-000000000001'),
    ('80000000-0000-0000-0000-000000000002', '20000000-0000-0000-0000-000000000001', '50000000-0000-0000-0000-000000000004', '40000000-0000-0000-0000-000000000001'),
    ('80000000-0000-0000-0000-000000000003', '20000000-0000-0000-0000-000000000002', '50000000-0000-0000-0000-000000000002', '40000000-0000-0000-0000-000000000001'),
    ('80000000-0000-0000-0000-000000000004', '20000000-0000-0000-0000-000000000002', '50000000-0000-0000-0000-000000000002', '40000000-0000-0000-0000-000000000002'),
    ('80000000-0000-0000-0000-000000000005', '20000000-0000-0000-0000-000000000004', '50000000-0000-0000-0000-000000000003', '40000000-0000-0000-0000-000000000002')
on conflict (teacher_subject_id) do nothing;

insert into stg_students (
    student_id, class_id, ic_number, fullname, status, created_at, password, enrollment_date, level
) values
    ('90000000-0000-0000-0000-000000000001', '40000000-0000-0000-0000-000000000001', '101010101001', 'Nur Amira', 'active', now(), '$2b$10$crz0z.FANAOPPfHGjgU59ezFDKMs.IhvvF5QKA5TMjaO1RcLW2lK2', '2024-01-10', 'T4'),
    ('90000000-0000-0000-0000-000000000002', '40000000-0000-0000-0000-000000000001', '101010101002', 'Syafiq Imran', 'active', now(), '$2b$10$crz0z.FANAOPPfHGjgU59ezFDKMs.IhvvF5QKA5TMjaO1RcLW2lK2', '2024-01-10', 'T4'),
    ('90000000-0000-0000-0000-000000000003', '40000000-0000-0000-0000-000000000001', '101010101003', 'Aisyah Nabila', 'active', now(), '$2b$10$crz0z.FANAOPPfHGjgU59ezFDKMs.IhvvF5QKA5TMjaO1RcLW2lK2', '2024-01-10', 'T4'),
    ('90000000-0000-0000-0000-000000000004', '40000000-0000-0000-0000-000000000002', '101010101004', 'Daniel Lee', 'active', now(), '$2b$10$crz0z.FANAOPPfHGjgU59ezFDKMs.IhvvF5QKA5TMjaO1RcLW2lK2', '2024-01-10', 'T4'),
    ('90000000-0000-0000-0000-000000000005', '40000000-0000-0000-0000-000000000002', '101010101005', 'Kavitha Raj', 'active', now(), '$2b$10$crz0z.FANAOPPfHGjgU59ezFDKMs.IhvvF5QKA5TMjaO1RcLW2lK2', '2024-01-10', 'T4'),
    ('90000000-0000-0000-0000-000000000006', '40000000-0000-0000-0000-000000000003', '101010101006', 'Farhana Sofea', 'active', now(), '$2b$10$crz0z.FANAOPPfHGjgU59ezFDKMs.IhvvF5QKA5TMjaO1RcLW2lK2', '2023-01-10', 'T5')
on conflict (student_id) do update set
    class_id = excluded.class_id,
    ic_number = excluded.ic_number,
    fullname = excluded.fullname,
    status = excluded.status,
    password = excluded.password,
    enrollment_date = excluded.enrollment_date,
    level = excluded.level;

insert into stg_student_class_history (
    history_id, student_id, class_id, level, start_date, end_date, created_at
) values
    ('91000000-0000-0000-0000-000000000001', '90000000-0000-0000-0000-000000000001', '40000000-0000-0000-0000-000000000001', 'T4', '2024-01-10', null, now()),
    ('91000000-0000-0000-0000-000000000002', '90000000-0000-0000-0000-000000000002', '40000000-0000-0000-0000-000000000001', 'T4', '2024-01-10', null, now()),
    ('91000000-0000-0000-0000-000000000003', '90000000-0000-0000-0000-000000000003', '40000000-0000-0000-0000-000000000001', 'T4', '2024-01-10', null, now()),
    ('91000000-0000-0000-0000-000000000004', '90000000-0000-0000-0000-000000000004', '40000000-0000-0000-0000-000000000002', 'T4', '2024-01-10', null, now()),
    ('91000000-0000-0000-0000-000000000005', '90000000-0000-0000-0000-000000000005', '40000000-0000-0000-0000-000000000002', 'T4', '2024-01-10', null, now()),
    ('91000000-0000-0000-0000-000000000006', '90000000-0000-0000-0000-000000000006', '40000000-0000-0000-0000-000000000003', 'T5', '2023-01-10', null, now())
on conflict (history_id) do nothing;

insert into stg_exams (exam_id, exam_name, academic_year, subject_settings) values
    (
        'a0000000-0000-0000-0000-000000000001',
        'Ujian Pertengahan Sesi',
        '2026',
        '{
          "50000000-0000-0000-0000-000000000001": { "deadline": "2026-05-15", "objective_questions": 10, "objective_max": 40, "subjective_max": 60 },
          "50000000-0000-0000-0000-000000000002": { "deadline": "2026-05-15", "objective_questions": 10, "objective_max": 40, "subjective_max": 60 },
          "50000000-0000-0000-0000-000000000003": { "deadline": "2026-05-15", "objective_questions": 10, "objective_max": 40, "subjective_max": 60 },
          "50000000-0000-0000-0000-000000000004": { "deadline": "2026-05-15", "objective_questions": 10, "objective_max": 40, "subjective_max": 60 }
        }'::jsonb
    ),
    (
        'a0000000-0000-0000-0000-000000000002',
        'Peperiksaan Akhir Tahun',
        '2026',
        '{
          "50000000-0000-0000-0000-000000000001": { "deadline": "2026-11-20", "objective_questions": 10, "objective_max": 40, "subjective_max": 60 },
          "50000000-0000-0000-0000-000000000002": { "deadline": "2026-11-20", "objective_questions": 10, "objective_max": 40, "subjective_max": 60 }
        }'::jsonb
    )
on conflict (exam_id) do update set
    exam_name = excluded.exam_name,
    academic_year = excluded.academic_year,
    subject_settings = excluded.subject_settings;

insert into stg_answer_schema (schema_id, exam_id, subject_id, question_no, correct_answer) values
    ('b0000000-0000-0000-0000-000000000001', 'a0000000-0000-0000-0000-000000000001', '50000000-0000-0000-0000-000000000001', 1, 'A'),
    ('b0000000-0000-0000-0000-000000000002', 'a0000000-0000-0000-0000-000000000001', '50000000-0000-0000-0000-000000000001', 2, 'B'),
    ('b0000000-0000-0000-0000-000000000003', 'a0000000-0000-0000-0000-000000000001', '50000000-0000-0000-0000-000000000001', 3, 'C'),
    ('b0000000-0000-0000-0000-000000000004', 'a0000000-0000-0000-0000-000000000001', '50000000-0000-0000-0000-000000000001', 4, 'D'),
    ('b0000000-0000-0000-0000-000000000005', 'a0000000-0000-0000-0000-000000000001', '50000000-0000-0000-0000-000000000001', 5, 'A'),
    ('b0000000-0000-0000-0000-000000000006', 'a0000000-0000-0000-0000-000000000001', '50000000-0000-0000-0000-000000000001', 6, 'B'),
    ('b0000000-0000-0000-0000-000000000007', 'a0000000-0000-0000-0000-000000000001', '50000000-0000-0000-0000-000000000001', 7, 'C'),
    ('b0000000-0000-0000-0000-000000000008', 'a0000000-0000-0000-0000-000000000001', '50000000-0000-0000-0000-000000000001', 8, 'D'),
    ('b0000000-0000-0000-0000-000000000009', 'a0000000-0000-0000-0000-000000000001', '50000000-0000-0000-0000-000000000001', 9, 'A'),
    ('b0000000-0000-0000-0000-000000000010', 'a0000000-0000-0000-0000-000000000001', '50000000-0000-0000-0000-000000000001', 10, 'B'),
    ('b0000000-0000-0000-0000-000000000011', 'a0000000-0000-0000-0000-000000000001', '50000000-0000-0000-0000-000000000002', 1, 'B'),
    ('b0000000-0000-0000-0000-000000000012', 'a0000000-0000-0000-0000-000000000001', '50000000-0000-0000-0000-000000000002', 2, 'C'),
    ('b0000000-0000-0000-0000-000000000013', 'a0000000-0000-0000-0000-000000000001', '50000000-0000-0000-0000-000000000002', 3, 'D'),
    ('b0000000-0000-0000-0000-000000000014', 'a0000000-0000-0000-0000-000000000001', '50000000-0000-0000-0000-000000000002', 4, 'A'),
    ('b0000000-0000-0000-0000-000000000015', 'a0000000-0000-0000-0000-000000000001', '50000000-0000-0000-0000-000000000002', 5, 'B'),
    ('b0000000-0000-0000-0000-000000000016', 'a0000000-0000-0000-0000-000000000001', '50000000-0000-0000-0000-000000000002', 6, 'C'),
    ('b0000000-0000-0000-0000-000000000017', 'a0000000-0000-0000-0000-000000000001', '50000000-0000-0000-0000-000000000002', 7, 'D'),
    ('b0000000-0000-0000-0000-000000000018', 'a0000000-0000-0000-0000-000000000001', '50000000-0000-0000-0000-000000000002', 8, 'A'),
    ('b0000000-0000-0000-0000-000000000019', 'a0000000-0000-0000-0000-000000000001', '50000000-0000-0000-0000-000000000002', 9, 'B'),
    ('b0000000-0000-0000-0000-000000000020', 'a0000000-0000-0000-0000-000000000001', '50000000-0000-0000-0000-000000000002', 10, 'C')
on conflict (schema_id) do nothing;

insert into stg_omr_scans (
    omr_scan_id, student_id, subject_id, exam_id, objective_total_mark, scan_date
) values
    ('c0000000-0000-0000-0000-000000000001', '90000000-0000-0000-0000-000000000001', '50000000-0000-0000-0000-000000000001', 'a0000000-0000-0000-0000-000000000001', 34, now()),
    ('c0000000-0000-0000-0000-000000000002', '90000000-0000-0000-0000-000000000002', '50000000-0000-0000-0000-000000000001', 'a0000000-0000-0000-0000-000000000001', 28, now()),
    ('c0000000-0000-0000-0000-000000000003', '90000000-0000-0000-0000-000000000003', '50000000-0000-0000-0000-000000000001', 'a0000000-0000-0000-0000-000000000001', 36, now()),
    ('c0000000-0000-0000-0000-000000000004', '90000000-0000-0000-0000-000000000001', '50000000-0000-0000-0000-000000000004', 'a0000000-0000-0000-0000-000000000001', 30, now()),
    ('c0000000-0000-0000-0000-000000000005', '90000000-0000-0000-0000-000000000002', '50000000-0000-0000-0000-000000000002', 'a0000000-0000-0000-0000-000000000001', 26, now()),
    ('c0000000-0000-0000-0000-000000000006', '90000000-0000-0000-0000-000000000004', '50000000-0000-0000-0000-000000000002', 'a0000000-0000-0000-0000-000000000001', 32, now())
on conflict (omr_scan_id) do update set
    objective_total_mark = excluded.objective_total_mark,
    scan_date = excluded.scan_date;

insert into stg_subjective_marks (
    subjective_id, teacher_id, student_id, subject_id, exam_id, subjective_mark, input_date
) values
    ('d0000000-0000-0000-0000-000000000001', '20000000-0000-0000-0000-000000000001', '90000000-0000-0000-0000-000000000001', '50000000-0000-0000-0000-000000000001', 'a0000000-0000-0000-0000-000000000001', 48, now()),
    ('d0000000-0000-0000-0000-000000000002', '20000000-0000-0000-0000-000000000001', '90000000-0000-0000-0000-000000000002', '50000000-0000-0000-0000-000000000001', 'a0000000-0000-0000-0000-000000000001', 44, now()),
    ('d0000000-0000-0000-0000-000000000003', '20000000-0000-0000-0000-000000000001', '90000000-0000-0000-0000-000000000003', '50000000-0000-0000-0000-000000000001', 'a0000000-0000-0000-0000-000000000001', 52, now()),
    ('d0000000-0000-0000-0000-000000000004', '20000000-0000-0000-0000-000000000002', '90000000-0000-0000-0000-000000000001', '50000000-0000-0000-0000-000000000002', 'a0000000-0000-0000-0000-000000000001', 40, now()),
    ('d0000000-0000-0000-0000-000000000005', '20000000-0000-0000-0000-000000000002', '90000000-0000-0000-0000-000000000002', '50000000-0000-0000-0000-000000000002', 'a0000000-0000-0000-0000-000000000001', 42, now()),
    ('d0000000-0000-0000-0000-000000000006', '20000000-0000-0000-0000-000000000004', '90000000-0000-0000-0000-000000000004', '50000000-0000-0000-0000-000000000003', 'a0000000-0000-0000-0000-000000000001', 46, now())
on conflict (subjective_id) do update set
    subjective_mark = excluded.subjective_mark,
    input_date = excluded.input_date;

insert into stg_results (
    result_id, student_id, subject_id, exam_id, omr_scan_id, subjective_id, total, grade, status, approval_date
) values
    ('e0000000-0000-0000-0000-000000000001', '90000000-0000-0000-0000-000000000001', '50000000-0000-0000-0000-000000000001', 'a0000000-0000-0000-0000-000000000001', 'c0000000-0000-0000-0000-000000000001', 'd0000000-0000-0000-0000-000000000001', 82, 'A', 'approved', now()),
    ('e0000000-0000-0000-0000-000000000002', '90000000-0000-0000-0000-000000000002', '50000000-0000-0000-0000-000000000001', 'a0000000-0000-0000-0000-000000000001', 'c0000000-0000-0000-0000-000000000002', 'd0000000-0000-0000-0000-000000000002', 72, 'B', 'pending', null),
    ('e0000000-0000-0000-0000-000000000003', '90000000-0000-0000-0000-000000000003', '50000000-0000-0000-0000-000000000001', 'a0000000-0000-0000-0000-000000000001', 'c0000000-0000-0000-0000-000000000003', 'd0000000-0000-0000-0000-000000000003', 88, 'A', 'approved', now()),
    ('e0000000-0000-0000-0000-000000000004', '90000000-0000-0000-0000-000000000001', '50000000-0000-0000-0000-000000000002', 'a0000000-0000-0000-0000-000000000001', 'c0000000-0000-0000-0000-000000000005', 'd0000000-0000-0000-0000-000000000004', 66, 'C', 'approved', now()),
    ('e0000000-0000-0000-0000-000000000005', '90000000-0000-0000-0000-000000000002', '50000000-0000-0000-0000-000000000002', 'a0000000-0000-0000-0000-000000000001', null, 'd0000000-0000-0000-0000-000000000005', 42, 'E', 'rejected', now()),
    ('e0000000-0000-0000-0000-000000000006', '90000000-0000-0000-0000-000000000004', '50000000-0000-0000-0000-000000000003', 'a0000000-0000-0000-0000-000000000001', 'c0000000-0000-0000-0000-000000000006', 'd0000000-0000-0000-0000-000000000006', 78, 'B', 'approved', now())
on conflict (result_id) do update set
    total = excluded.total,
    grade = excluded.grade,
    status = excluded.status,
    approval_date = excluded.approval_date;

insert into stg_report_cards (
    report_card_id, student_id, class_id, teacher_id, exam_id, average_mark, class_position, ai_comment, generated_date
) values
    ('f0000000-0000-0000-0000-000000000001', '90000000-0000-0000-0000-000000000001', '40000000-0000-0000-0000-000000000001', '20000000-0000-0000-0000-000000000001', 'a0000000-0000-0000-0000-000000000001', 74.0, 1, 'Pencapaian keseluruhan sangat baik dan konsisten.', now()),
    ('f0000000-0000-0000-0000-000000000002', '90000000-0000-0000-0000-000000000002', '40000000-0000-0000-0000-000000000001', '20000000-0000-0000-0000-000000000001', 'a0000000-0000-0000-0000-000000000001', 57.0, 2, 'Perlu fokus pada ketepatan jawapan dan pengurusan masa.', now()),
    ('f0000000-0000-0000-0000-000000000003', '90000000-0000-0000-0000-000000000003', '40000000-0000-0000-0000-000000000001', '20000000-0000-0000-0000-000000000001', 'a0000000-0000-0000-0000-000000000001', 88.0, 1, 'Prestasi sangat cemerlang. Teruskan usaha.', now())
on conflict (report_card_id) do update set
    average_mark = excluded.average_mark,
    class_position = excluded.class_position,
    ai_comment = excluded.ai_comment,
    generated_date = excluded.generated_date;

insert into stg_sessions (
    session_id, user_id, user_name, role, action, login_time, logout_time
) values
    ('11111111-2222-3333-4444-555555555555', 'ADM001', 'Admin STG', 'admin', 'Log Masuk', now() - interval '2 days', now() - interval '2 days' + interval '8 hours'),
    ('22222222-3333-4444-5555-666666666666', '20000000-0000-0000-0000-000000000001', 'Ain Binti Salleh', 'teacher', 'Log Masuk', now() - interval '1 day', now() - interval '1 day' + interval '6 hours'),
    ('33333333-4444-5555-6666-777777777777', '90000000-0000-0000-0000-000000000001', 'Nur Amira', 'student', 'Log Masuk', now() - interval '12 hours', now() - interval '11 hours')
on conflict (session_id) do nothing;

insert into stg_users (id, username, password_hash, created_at) values
    ('12121212-0000-0000-0000-000000000001', 'sandbox-user', '$2b$10$2mAOXVaMFDiT7T6jo1ppF.7xT0mfrkOP3pthOS0zI2tExhOu3h2Cm', now())
on conflict (username) do update set
    password_hash = excluded.password_hash;

commit;
